fileid,prediction
MLSP_test1053175,Microwave_oven
MLSP_test1071,Siren
MLSP_test1077269,Knock
MLSP_test1116162,Meow
MLSP_test113179,Bark
MLSP_test1134284,Meow
MLSP_test1140162,Meow
MLSP_test1163322,Meow
MLSP_test1186185,Meow
MLSP_test1192345,Meow
MLSP_test1194176,Microwave_oven
MLSP_test1205141,Meow
MLSP_test1216256,Meow
MLSP_test1235269,Meow
MLSP_test1277465,Meow
MLSP_test1289164,Meow
MLSP_test1301172,Meow
MLSP_test130220,Meow
MLSP_test1306499,Meow
MLSP_test130845,Meow
MLSP_test132489,Meow
MLSP_test1328457,Walk_and_footsteps
MLSP_test1353495,Microwave_oven
MLSP_test1357311,Microwave_oven
MLSP_test1362223,Microwave_oven
MLSP_test1373407,Microwave_oven
MLSP_test1379148,Microwave_oven
MLSP_test1395138,Microwave_oven
MLSP_test1404304,Microwave_oven
MLSP_test140846,Microwave_oven
MLSP_test1443477,Microwave_oven
MLSP_test1451403,Microwave_oven
MLSP_test1457299,Microwave_oven
MLSP_test1458291,Microwave_oven
MLSP_test1475459,Microwave_oven
MLSP_test149028,Microwave_oven
MLSP_test1498106,Microwave_oven
MLSP_test1515407,Microwave_oven
MLSP_test1516233,Microwave_oven
MLSP_test1524204,Microwave_oven
MLSP_test1553343,Shatter
MLSP_test1582420,Shatter
MLSP_test1602453,Walk_and_footsteps
MLSP_test1649169,Shatter
MLSP_test1683220,Shatter
MLSP_test1706153,Shatter
MLSP_test17186,Bark
MLSP_test173438,Walk_and_footsteps
MLSP_test1778475,Shatter
MLSP_test1798478,Shatter
MLSP_test1805429,Shatter
MLSP_test1810394,Shatter
MLSP_test1820283,Shatter
MLSP_test182273,Shatter
MLSP_test18380,Bark
MLSP_test1865154,Shatter
MLSP_test192098,Shatter
MLSP_test1968494,Shatter
MLSP_test198998,Shatter
MLSP_test20111,Bark
MLSP_test2012248,Shatter
MLSP_test205489,Siren
MLSP_test206085,Siren
MLSP_test2061309,Bark
MLSP_test2062232,Vehicle_horn_and_car_horn_and_honking
MLSP_test2065366,Siren
MLSP_test2068447,Meow
MLSP_test2071356,Bark
MLSP_test2072214,Siren
MLSP_test2073257,Knock
MLSP_test2074455,Bark
MLSP_test2077439,Siren
MLSP_test2081207,Siren
MLSP_test2082223,Siren
MLSP_test2085405,Bark
MLSP_test208923,Siren
MLSP_test2090121,Bark
MLSP_test2091205,Bark
MLSP_test2098444,Vehicle_horn_and_car_horn_and_honking
MLSP_test210764,Vehicle_horn_and_car_horn_and_honking
MLSP_test2108410,Vehicle_horn_and_car_horn_and_honking
MLSP_test2109311,Vehicle_horn_and_car_horn_and_honking
MLSP_test2115430,Crying_and_sobbing
MLSP_test213499,Vehicle_horn_and_car_horn_and_honking
MLSP_test2142247,Vehicle_horn_and_car_horn_and_honking
MLSP_test2144237,Vehicle_horn_and_car_horn_and_honking
MLSP_test2153476,Vehicle_horn_and_car_horn_and_honking
MLSP_test2154380,Vehicle_horn_and_car_horn_and_honking
MLSP_test2155260,Vehicle_horn_and_car_horn_and_honking
MLSP_test2158293,Meow
MLSP_test2182439,Vehicle_horn_and_car_horn_and_honking
MLSP_test2186214,Doorbell
MLSP_test2204281,Bark
MLSP_test2206272,Vehicle_horn_and_car_horn_and_honking
MLSP_test2211271,Vehicle_horn_and_car_horn_and_honking
MLSP_test2229354,Vehicle_horn_and_car_horn_and_honking
MLSP_test2239166,Vehicle_horn_and_car_horn_and_honking
MLSP_test2318377,Walk_and_footsteps
MLSP_test2336133,Bark
MLSP_test2406,Siren
MLSP_test2409,Siren
MLSP_test2426402,Walk_and_footsteps
MLSP_test2462130,Bark
MLSP_test2471429,Walk_and_footsteps
MLSP_test2472403,Walk_and_footsteps
MLSP_test25298,Bark
MLSP_test2545247,Microwave_oven
MLSP_test2552281,Walk_and_footsteps
MLSP_test2559120,Walk_and_footsteps
MLSP_test2565453,Microwave_oven
MLSP_test2566454,Crying_and_sobbing
MLSP_test2590367,Walk_and_footsteps
MLSP_test2647496,Walk_and_footsteps
MLSP_test2679170,Vehicle_horn_and_car_horn_and_honking
MLSP_test2693194,Bark
MLSP_test2779413,Walk_and_footsteps
MLSP_test2823431,Shatter
MLSP_test2828417,Walk_and_footsteps
MLSP_test286435,Bark
MLSP_test301421,Bark
MLSP_test303269,Bark
MLSP_test329269,Bark
MLSP_test3739,Siren
MLSP_test423139,Bark
MLSP_test432208,Bark
MLSP_test453350,Bark
MLSP_test4577,Vehicle_horn_and_car_horn_and_honking
MLSP_test463146,Bark
MLSP_test485355,Bark
MLSP_test489164,Bark
MLSP_test49854,Bark
MLSP_test5143,Microwave_oven
MLSP_test536357,Crying_and_sobbing
MLSP_test552352,Crying_and_sobbing
MLSP_test55319,Crying_and_sobbing
MLSP_test55458,Crying_and_sobbing
MLSP_test56548,Crying_and_sobbing
MLSP_test566180,Crying_and_sobbing
MLSP_test569232,Meow
MLSP_test572384,Crying_and_sobbing
MLSP_test574217,Crying_and_sobbing
MLSP_test580456,Crying_and_sobbing
MLSP_test582166,Meow
MLSP_test584349,Crying_and_sobbing
MLSP_test58686,Bark
MLSP_test58819,Crying_and_sobbing
MLSP_test592439,Bark
MLSP_test593381,Crying_and_sobbing
MLSP_test597453,Meow
MLSP_test599390,Bark
MLSP_test6052,Crying_and_sobbing
MLSP_test6079,Bark
MLSP_test6118,Bark
MLSP_test612184,Doorbell
MLSP_test616123,Doorbell
MLSP_test620253,Doorbell
MLSP_test632353,Microwave_oven
MLSP_test633242,Doorbell
MLSP_test63869,Doorbell
MLSP_test639115,Doorbell
MLSP_test6401,Meow
MLSP_test6416,Siren
MLSP_test645492,Vehicle_horn_and_car_horn_and_honking
MLSP_test651130,Microwave_oven
MLSP_test65746,Doorbell
MLSP_test665311,Doorbell
MLSP_test68182,Microwave_oven
MLSP_test682163,Doorbell
MLSP_test68320,Crying_and_sobbing
MLSP_test683408,Doorbell
MLSP_test684486,Doorbell
MLSP_test688497,Doorbell
MLSP_test6886,Bark
MLSP_test68915,Doorbell
MLSP_test6905,Bark
MLSP_test712344,Doorbell
MLSP_test732470,Knock
MLSP_test7347,Vehicle_horn_and_car_horn_and_honking
MLSP_test7443,Meow
MLSP_test7490,Bark
MLSP_test755223,Knock
MLSP_test7672,Vehicle_horn_and_car_horn_and_honking
MLSP_test7723,Bark
MLSP_test774107,Microwave_oven
MLSP_test77893,Knock
MLSP_test7835,Bark
MLSP_test7872,Microwave_oven
MLSP_test80263,Knock
MLSP_test819237,Bark
MLSP_test8395,Vehicle_horn_and_car_horn_and_honking
MLSP_test8403,Meow
MLSP_test856170,Shatter
MLSP_test88227,Knock
MLSP_test896150,Knock
MLSP_test901102,Knock
MLSP_test925449,Microwave_oven
MLSP_test932110,Knock
MLSP_test941333,Bark
MLSP_test942230,Knock
MLSP_test968297,Knock
MLSP_test997159,Bark
